date,159928(汇添富消费ETF),515650(富国消费50ETF),513070(易方达港股通消费ETF)
2022-03-14,1.0103,1.2212,1.0
2022-03-17,1.0146,1.2337,1.0004
2022-03-18,1.0194,1.2384,1.002
2022-03-21,1.0202,1.2317,0.9916
2022-03-22,1.0192,1.2304,1.0226
2022-03-23,1.0255,1.2356,1.0293
2022-03-24,1.0103,1.2193,1.0133
2022-03-25,0.9936,1.1956,0.9761
2022-03-28,0.9772,1.1782,0.9888
2022-03-29,0.9788,1.1704,1.0085
2022-03-30,1.0092,1.2159,1.0278
2022-03-31,1.0023,1.209,1.0093
2022-04-01,1.0179,1.2388,1.0134
2022-04-06,1.0065,1.2263,1.0121
2022-04-07,0.9944,1.2166,0.9926
2022-04-08,0.9889,1.2157,0.9857
2022-04-11,0.9718,1.1841,0.9413
2022-04-12,1.0093,1.2329,0.966
2022-04-13,1.0004,1.2235,0.9722
2022-04-14,1.037,1.2687,0.9883
2022-04-15,1.033,1.2647,0.993
2022-04-18,1.0395,1.2578,0.9909
2022-04-19,1.0379,1.2506,0.9615
2022-04-20,1.0434,1.2602,0.9746
2022-04-21,1.0222,1.2365,0.9521
2022-04-22,1.0193,1.2432,0.9614
2022-04-25,0.9781,1.1961,0.9233
2022-04-26,0.986,1.1986,0.9536
2022-04-27,1.0117,1.2261,0.9635
2022-04-28,1.0138,1.2337,0.9699
2022-04-29,1.0144,1.2482,1.0359
2022-05-05,1.0165,1.2608,1.0027
2022-05-06,0.9877,1.2279,0.9609
2022-05-09,0.9816,1.2114,0.9686
2022-05-10,0.9945,1.224,0.9563
2022-05-11,0.9982,1.2322,0.9882
2022-05-12,0.9996,1.2286,0.9678
2022-05-13,0.9954,1.2317,1.0124
2022-05-16,0.9902,1.2231,1.0111
2022-05-17,0.9925,1.2295,1.0486
2022-05-18,0.9874,1.2197,1.0463
2022-05-19,0.9761,1.2072,1.009
2022-05-20,1.0039,1.2419,1.038
2022-05-23,0.9965,1.22,1.0072
2022-05-24,0.9778,1.2002,0.9722
2022-05-25,0.9831,1.2034,0.9767
2022-05-26,0.9817,1.202,0.979
2022-05-27,0.9827,1.2022,1.0116
2022-05-30,1.0018,1.2245,1.043
2022-05-31,1.0301,1.2526,1.0698
2022-06-01,1.0203,1.244,1.0664
2022-06-02,1.0134,1.2381,1.0671
2022-06-06,1.0217,1.2489,1.1048
2022-06-07,1.0361,1.2628,1.0973
2022-06-08,1.0496,1.2785,1.1306
2022-06-09,1.0396,1.2617,1.1125
2022-06-10,1.0489,1.2747,1.1236
2022-06-13,1.0406,1.253,1.0847
2022-06-14,1.0546,1.2668,1.0916
2022-06-15,1.063,1.2866,1.1007
2022-06-16,1.069,1.2873,1.0606
2022-06-17,1.0837,1.3133,1.0775
2022-06-20,1.0946,1.3313,1.0953
2022-06-21,1.0899,1.3313,1.1062
2022-06-22,1.0833,1.3104,1.0841
2022-06-23,1.092,1.3229,1.1053
2022-06-24,1.1054,1.3522,1.1404
2022-06-27,1.1371,1.3835,1.1669
2022-06-28,1.1423,1.3959,1.184
2022-06-29,1.1232,1.3803,1.1502
2022-06-30,1.1538,1.4236,1.1481
2022-07-01,1.1473,1.411,1.144
2022-07-04,1.1647,1.4183,1.1441
2022-07-05,1.1581,1.4088,1.1364
2022-07-06,1.1325,1.3818,1.1335
2022-07-07,1.1304,1.3714,1.1419
2022-07-08,1.134,1.376,1.1376
2022-07-11,1.1229,1.3652,1.0922
2022-07-12,1.1103,1.363,1.0764
2022-07-13,1.1145,1.3644,1.0828
2022-07-14,1.1072,1.3504,1.0866
2022-07-15,1.1014,1.3382,1.0734
2022-07-18,1.0993,1.3406,1.0984
2022-07-19,1.1007,1.3414,1.0858
2022-07-20,1.1055,1.3495,1.0985
2022-07-21,1.0966,1.3346,1.0914
2022-07-22,1.0908,1.3345,1.0912
2022-07-25,1.0958,1.3452,1.077
2022-07-26,1.1047,1.355,1.0858
2022-07-27,1.0942,1.337,1.0751
2022-07-28,1.0909,1.3362,1.0734
2022-07-29,1.0735,1.3085,1.0359
2022-08-01,1.0788,1.306,1.0471
2022-08-02,1.0649,1.2842,1.023
2022-08-03,1.0564,1.2723,1.0336
2022-08-04,1.0717,1.287,1.0495
2022-08-05,1.0815,1.3002,1.0493
2022-08-08,1.0741,1.2881,1.0384
2022-08-09,1.0666,1.2874,1.0288
2022-08-10,1.0505,1.267,1.0015
2022-08-11,1.0677,1.293,1.0321
2022-08-12,1.0747,1.2966,1.0413
2022-08-15,1.0645,1.2854,1.0407
2022-08-16,1.0649,1.2826,1.0234
2022-08-17,1.0709,1.2924,1.0375
2022-08-18,1.0532,1.2719,1.03
2022-08-19,1.0597,1.2734,1.0365
2022-08-22,1.0655,1.2801,1.0354
2022-08-23,1.0562,1.2664,1.0298
2022-08-24,1.0501,1.2552,1.0051
2022-08-25,1.0692,1.2748,1.0443
2022-08-26,1.0819,1.2793,1.0526
2022-08-29,1.0711,1.2709,1.0494
2022-08-30,1.0701,1.2709,1.0442
2022-08-31,1.0791,1.2935,1.0521
2022-09-01,1.0643,1.2809,1.0207
2022-09-02,1.053,1.2651,1.0126
2022-09-05,1.0383,1.2539,0.9899
2022-09-06,1.0412,1.2586,0.9908
2022-09-07,1.027,1.2465,0.9841
2022-09-08,1.0256,1.2492,0.9709
2022-09-09,1.0375,1.2769,0.9981
2022-09-13,1.0536,1.2925,1.0014
2022-09-14,1.0464,1.2855,0.9812
2022-09-15,1.0464,1.2898,0.9808
2022-09-16,1.0265,1.2653,0.9703
2022-09-19,1.0354,1.2697,0.96
2022-09-20,1.0403,1.2717,0.9801
2022-09-21,1.0249,1.2508,0.9592
2022-09-22,1.0115,1.2286,0.9493
2022-09-23,1.0132,1.2284,0.9316
2022-09-26,1.019,1.2403,0.9591
2022-09-27,1.0504,1.2747,0.9768
2022-09-28,1.0465,1.2663,0.9502
2022-09-29,1.0444,1.2566,0.9385
2022-09-30,1.0419,1.2503,0.9216
2022-10-10,1.0131,1.2086,0.9056
2022-10-11,1.0142,1.2059,0.8844
2022-10-12,1.0138,1.2017,0.8795
2022-10-13,1.0094,1.1861,0.8571
2022-10-14,1.0228,1.2098,0.8687
2022-10-17,1.0163,1.205,0.8644
2022-10-18,1.0116,1.2049,0.8846
2022-10-19,0.9798,1.1628,0.8496
2022-10-20,0.977,1.152,0.8308
2022-10-21,0.9668,1.1381,0.8251
2022-10-24,0.9214,1.0856,0.7621
2022-10-25,0.9199,1.0803,0.7752
2022-10-26,0.913,1.0799,0.7945
2022-10-27,0.8867,1.0527,0.7936
2022-10-28,0.8646,1.0236,0.7491
2022-10-31,0.8542,1.0009,0.7487
2022-11-01,0.9029,1.06,0.8102
2022-11-02,0.9184,1.0777,0.8405
2022-11-03,0.9071,1.0651,0.8164
2022-11-04,0.9429,1.115,0.8724
2022-11-07,0.9486,1.1165,0.8931
2022-11-08,0.9347,1.1029,0.8839
2022-11-09,0.9207,1.0934,0.8656
2022-11-10,0.9307,1.0986,0.8484
2022-11-11,0.9519,1.1359,0.92
2022-11-14,0.946,1.1384,0.9153
2022-11-15,0.9621,1.1616,0.9556
2022-11-16,0.9624,1.16,0.9507
2022-11-17,0.9578,1.1536,0.935
2022-11-18,0.9555,1.151,0.94
2022-11-21,0.9387,1.125,0.9189
2022-11-22,0.9365,1.125,0.8974
2022-11-23,0.9305,1.1193,0.8907
2022-11-24,0.9241,1.1108,0.8936
2022-11-25,0.9249,1.1167,0.8752
2022-11-28,0.9238,1.1155,0.8821
2022-11-29,0.9543,1.1641,0.944
2022-11-30,0.9544,1.1638,0.9816
2022-12-01,0.9818,1.1934,0.9908
2022-12-02,0.9855,1.19,0.9881
2022-12-05,0.9996,1.2188,1.0356
2022-12-06,1.0228,1.2417,1.024
2022-12-07,1.0265,1.2486,0.9946
2022-12-08,1.0193,1.2471,1.0325
2022-12-09,1.0394,1.2764,1.0564
2022-12-12,1.027,1.2631,1.0196
2022-12-13,1.0376,1.2668,1.0336
2022-12-14,1.0571,1.288,1.0394
2022-12-15,1.0466,1.2797,1.0159
2022-12-16,1.0507,1.2859,1.0249
2022-12-19,1.0365,1.2713,1.0201
2022-12-20,1.0038,1.2334,1.0016
2022-12-21,1.016,1.2453,1.0012
2022-12-22,1.0322,1.2649,1.0467
2022-12-23,1.0366,1.2703,1.0335
2022-12-26,1.0274,1.2541,1.0325
2022-12-27,1.0452,1.2709,1.029
2022-12-28,1.0403,1.2672,1.0421
2022-12-29,1.0324,1.2548,1.0395
2022-12-30,1.0414,1.2623,1.03
2022-12-31,1.0414,1.2623,1.03
2023-01-03,1.025,1.2516,1.0506
2023-01-04,1.0256,1.2577,1.0691
2023-01-05,1.0588,1.305,1.0905
2023-01-06,1.0566,1.3045,1.0712
2023-01-09,1.0747,1.3191,1.0854
2023-01-10,1.0796,1.3305,1.0788
2023-01-11,1.0744,1.3237,1.0762
2023-01-12,1.068,1.3156,1.0705
2023-01-13,1.0977,1.3493,1.0765
2023-01-16,1.1204,1.3809,1.0655
2023-01-17,1.1103,1.3723,1.0578
2023-01-18,1.0971,1.3591,1.0674
2023-01-19,1.0943,1.3577,1.0644
2023-01-20,1.0932,1.357,1.083
2023-01-30,1.1032,1.3639,1.0943
2023-01-31,1.0834,1.3329,1.09
2023-02-01,1.0916,1.3378,1.1155
2023-02-02,1.0974,1.3454,1.104
2023-02-03,1.0853,1.3303,1.0963
2023-02-06,1.07,1.3031,1.068
2023-02-07,1.0682,1.309,1.0732
2023-02-08,1.0597,1.3026,1.0571
2023-02-09,1.0804,1.3256,1.0825
2023-02-10,1.0815,1.3247,1.0495
2023-02-13,1.1064,1.357,1.065
2023-02-14,1.1018,1.3481,1.058
2023-02-15,1.095,1.338,1.0457
2023-02-16,1.0926,1.3365,1.0589
2023-02-17,1.0868,1.3267,1.0411
2023-02-20,1.1052,1.3634,1.0514
2023-02-21,1.1013,1.3601,1.025
2023-02-22,1.0995,1.3495,1.0159
2023-02-23,1.0918,1.3449,1.0138
2023-02-24,1.0796,1.3276,0.9951
2023-02-27,1.0864,1.3337,1.004
2023-02-28,1.0884,1.3364,0.9928
2023-03-01,1.0974,1.3513,1.0437
2023-03-02,1.0941,1.3476,1.0242
2023-03-03,1.0892,1.3441,1.0364
2023-03-06,1.087,1.3331,1.0325
2023-03-07,1.0634,1.3066,1.0201
2023-03-08,1.0562,1.2998,0.9982
2023-03-09,1.0487,1.2895,0.9865
2023-03-10,1.0364,1.2706,0.9595
2023-03-13,1.0537,1.2932,0.9785
2023-03-14,1.0534,1.2811,0.9523
2023-03-15,1.0453,1.2728,0.9572
2023-03-16,1.0382,1.271,0.9545
2023-03-17,1.0273,1.264,0.9704
2023-03-20,1.0143,1.2473,0.9444
2023-03-21,1.0351,1.2801,0.9715
2023-03-22,1.0331,1.2756,0.9804
2023-03-23,1.0388,1.2804,1.0175
2023-03-24,1.0407,1.2812,1.0124
2023-03-27,1.0357,1.2697,0.9917
2023-03-28,1.0492,1.2752,1.0073
2023-03-29,1.0506,1.2796,1.0246
2023-03-30,1.063,1.3013,1.0325
2023-03-31,1.0658,1.2919,1.0338
2023-04-03,1.0627,1.2897,1.0335
2023-04-04,1.0742,1.2912,1.0159
2023-04-06,1.0584,1.274,1.0153
2023-04-07,1.0525,1.2798,1.0166
2023-04-10,1.042,1.2694,1.0155
2023-04-11,1.0282,1.2599,1.0204
2023-04-12,1.0073,1.2391,0.9958
2023-04-13,1.012,1.2408,0.9994
2023-04-14,1.0022,1.2315,1.0013
2023-04-17,1.0132,1.2521,1.0203
2023-04-18,1.0176,1.2585,1.0096
2023-04-19,1.0107,1.2442,0.9955
2023-04-20,0.9991,1.2359,1.0003
2023-04-21,0.9927,1.2236,0.9801
2023-04-24,0.9748,1.2038,0.9759
2023-04-25,0.987,1.2088,0.9514
2023-04-26,0.9849,1.2033,0.9721
2023-04-27,0.9908,1.2119,0.9698
2023-04-28,1.0014,1.2229,0.9755
2023-05-04,0.9927,1.2042,0.9647
2023-05-05,0.9959,1.2056,0.9716
2023-05-08,0.9865,1.1947,0.9742
2023-05-09,0.9868,1.1925,0.9504
2023-05-10,0.9809,1.1901,0.9524
2023-05-11,0.978,1.1838,0.953
2023-05-12,0.9713,1.1767,0.9541
2023-05-15,0.9774,1.187,0.9774
2023-05-16,0.9708,1.1753,0.9767
2023-05-17,0.9615,1.1657,0.9566
2023-05-18,0.9512,1.1603,0.9638
2023-05-19,0.9596,1.1733,0.9602
2023-05-22,0.9795,1.205,0.9765
2023-05-23,0.9675,1.1926,0.9673
2023-05-24,0.9547,1.1738,0.9528
2023-05-25,0.9463,1.1642,0.931
2023-05-26,0.945,1.1635,0.9332
2023-05-29,0.9368,1.1536,0.9079
2023-05-30,0.9276,1.1417,0.9204
2023-05-31,0.9102,1.12,0.9037
2023-06-01,0.9158,1.1254,0.905
2023-06-02,0.9328,1.1542,0.9537
2023-06-05,0.9194,1.1419,0.9554
2023-06-06,0.9173,1.1406,0.9543
2023-06-07,0.9092,1.1347,0.9694
2023-06-08,0.9192,1.1443,0.9652
2023-06-09,0.9173,1.1406,0.972
2023-06-12,0.9373,1.1661,0.9796
2023-06-13,0.9414,1.1705,0.9924
2023-06-14,0.9543,1.1846,0.995
2023-06-15,0.969,1.2063,1.0317
2023-06-16,0.9769,1.2166,1.0388
2023-06-19,0.9613,1.1915,1.0257
2023-06-20,0.9528,1.1854,1.0132
2023-06-21,0.9434,1.1727,0.9923
2023-06-26,0.9275,1.1551,0.9763
2023-06-27,0.9329,1.1689,0.9909
2023-06-28,0.9342,1.1718,0.9969
2023-06-29,0.9243,1.1583,0.9802
2023-06-30,0.9239,1.1586,0.9793
2023-07-03,0.9434,1.1807,1.0073
2023-07-04,0.9468,1.1807,1.0118
2023-07-05,0.9304,1.1638,0.995
2023-07-06,0.9243,1.1564,0.9769
2023-07-07,0.9243,1.1542,0.961
2023-07-10,0.9273,1.1615,0.9664
2023-07-11,0.9285,1.1645,0.9846
2023-07-12,0.9292,1.1641,0.9967
2023-07-13,0.9527,1.1878,1.0207
2023-07-14,0.9479,1.1807,1.0184
2023-07-17,0.9416,1.1723,1.0192
2023-07-18,0.9372,1.1675,1.0032
2023-07-19,0.936,1.1693,0.9974
2023-07-20,0.9358,1.1683,0.9942
2023-07-21,0.9508,1.1821,0.9998
2023-07-24,0.9402,1.1704,0.979
2023-07-25,0.9676,1.2104,1.0248
2023-07-26,0.9688,1.2095,1.0207
2023-07-27,0.9755,1.2122,1.045
2023-07-28,0.9931,1.2397,1.0688
2023-07-31,0.9982,1.2437,1.0846
2023-08-01,0.988,1.2333,1.081
2023-08-02,0.9805,1.2247,1.0544
2023-08-03,0.9867,1.2295,1.0588
2023-08-04,0.9874,1.2316,1.07
2023-08-07,0.9796,1.2208,1.0708
2023-08-08,0.9783,1.2178,1.0476
2023-08-09,0.9782,1.2171,1.0502
2023-08-10,0.9771,1.2139,1.0461
2023-08-11,0.9564,1.1889,1.0283
2023-08-14,0.9454,1.176,1.0146
2023-08-15,0.9423,1.1725,1.0066
2023-08-16,0.9409,1.1717,0.9963
2023-08-17,0.953,1.1826,1.0086
2023-08-18,0.9351,1.1591,0.9814
2023-08-21,0.9276,1.1463,0.9618
2023-08-22,0.925,1.1425,0.9717
2023-08-23,0.9123,1.128,0.9729
2023-08-24,0.9307,1.1467,1.0033
2023-08-25,0.9293,1.1436,0.9846
2023-08-28,0.9277,1.144,0.9941
2023-08-29,0.9397,1.156,1.0146
2023-08-30,0.9365,1.1566,1.0069
2023-08-31,0.9313,1.15,0.999
2023-09-01,0.9432,1.1646,0.9991
2023-09-04,0.9611,1.188,1.0214
2023-09-05,0.9521,1.1781,1.0005
2023-09-06,0.9505,1.1751,0.9988
2023-09-07,0.9381,1.1598,0.9857
2023-09-08,0.9325,1.1509,0.9884
2023-09-11,0.9412,1.1608,0.9904
2023-09-12,0.943,1.1624,0.9907
2023-09-13,0.9411,1.1598,0.9841
2023-09-14,0.9368,1.154,0.9851
2023-09-15,0.9282,1.1435,0.9903
2023-09-18,0.9365,1.1579,0.9781
2023-09-19,0.9338,1.1541,0.9777
2023-09-20,0.9323,1.1539,0.9651
2023-09-21,0.9154,1.1365,0.9492
2023-09-22,0.9325,1.1572,0.9774
2023-09-25,0.928,1.1512,0.9533
2023-09-26,0.9216,1.1434,0.9387
2023-09-27,0.922,1.1449,0.9401
2023-09-28,0.9098,1.1319,0.9247
2023-10-09,0.9027,1.1178,0.9266
2023-10-10,0.9009,1.1127,0.9365
2023-10-11,0.9027,1.1145,0.9522
2023-10-12,0.9041,1.1198,0.9703
2023-10-13,0.8899,1.1039,0.9435
2023-10-16,0.8767,1.0889,0.9286
2023-10-17,0.8797,1.0941,0.9329
2023-10-18,0.8776,1.087,0.9313
2023-10-19,0.8499,1.0528,0.9113
2023-10-20,0.8461,1.0502,0.9035
2023-10-23,0.8427,1.0442,0.903
2023-10-24,0.8476,1.0486,0.894
2023-10-25,0.8661,1.0651,0.9075
2023-10-26,0.8719,1.0676,0.9028
2023-10-27,0.8907,1.0913,0.9205
2023-10-30,0.9012,1.0997,0.9277
2023-10-31,0.9038,1.1009,0.9091
2023-11-01,0.9141,1.1162,0.9004
2023-11-02,0.9046,1.1097,0.9067
2023-11-03,0.9129,1.122,0.9353
2023-11-06,0.9116,1.1223,0.9655
2023-11-07,0.9087,1.1174,0.9517
2023-11-08,0.9063,1.1159,0.9481
2023-11-09,0.9069,1.1159,0.947
2023-11-10,0.9007,1.1093,0.9229
2023-11-13,0.8947,1.0998,0.9364
2023-11-14,0.8954,1.1025,0.9283
2023-11-15,0.9,1.1085,0.9665
2023-11-16,0.8914,1.0993,0.952
2023-11-17,0.8867,1.0939,0.9377
2023-11-20,0.8939,1.1016,0.9554
2023-11-21,0.9031,1.1102,0.9479
2023-11-22,0.8986,1.103,0.9432
2023-11-23,0.8985,1.106,0.9533
2023-11-24,0.8994,1.106,0.9281
2023-11-27,0.8911,1.0945,0.9252
2023-11-28,0.8902,1.0955,0.9128
2023-11-29,0.8877,1.0907,0.8821
2023-11-30,0.8936,1.0966,0.8842
2023-12-01,0.8805,1.0815,0.8702
2023-12-04,0.8731,1.0772,0.8611
2023-12-05,0.8579,1.0585,0.8486
2023-12-06,0.8637,1.0631,0.8586
2023-12-07,0.8615,1.0598,0.8535
2023-12-08,0.8594,1.0582,0.8467
2023-12-11,0.8549,1.0558,0.838
2023-12-12,0.8583,1.0614,0.8507
2023-12-13,0.834,1.037,0.8386
2023-12-14,0.8234,1.0301,0.8467
2023-12-15,0.824,1.0289,0.862
2023-12-18,0.8234,1.0312,0.8519
2023-12-19,0.8217,1.0299,0.8467
2023-12-20,0.813,1.0169,0.85
2023-12-21,0.8223,1.0321,0.8474
2023-12-22,0.8238,1.0384,0.819
2023-12-25,0.8297,1.0433,0.8189
2023-12-26,0.8246,1.0384,0.819
2023-12-27,0.8309,1.0462,0.8333
2023-12-28,0.8545,1.0702,0.8587
2023-12-29,0.8551,1.0729,0.8556
2023-12-31,0.855,1.0729,0.8556
2024-01-02,0.8394,1.0585,0.8408
2024-01-03,0.8342,1.0538,0.8356
2024-01-04,0.8207,1.0464,0.8333
2024-01-05,0.815,1.046,0.8237
2024-01-08,0.8017,1.0326,0.8011
2024-01-09,0.8012,1.0377,0.7954
2024-01-10,0.8035,1.041,0.7934
2024-01-11,0.8088,1.0437,0.809
2024-01-12,0.8089,1.0441,0.8043
2024-01-15,0.8017,1.0433,0.7989
2024-01-16,0.8055,1.0505,0.7828
2024-01-17,0.7841,1.0278,0.7487
2024-01-18,0.795,1.0401,0.7544
2024-01-19,0.7961,1.0399,0.7468
2024-01-22,0.7799,1.0222,0.7211
2024-01-23,0.7788,1.0219,0.7409
2024-01-24,0.7822,1.0309,0.7643
2024-01-25,0.7952,1.0398,0.7704
2024-01-26,0.7948,1.0427,0.751
2024-01-29,0.7974,1.0499,0.756
2024-01-30,0.7787,1.033,0.7351
2024-01-31,0.7692,1.0234,0.7183
2024-02-01,0.7722,1.0285,0.7311
2024-02-02,0.77,1.0246,0.732
2024-02-05,0.7797,1.0388,0.7319
2024-02-06,0.8089,1.067,0.7662
2024-02-07,0.8275,1.0895,0.7664
2024-02-08,0.8256,1.0842,0.7613
2024-02-19,0.8236,1.0861,0.7798
2024-02-20,0.8237,1.0943,0.7831
2024-02-21,0.8459,1.1102,0.8013
2024-02-22,0.85,1.1146,0.8122
2024-02-23,0.8504,1.1097,0.8147
2024-02-26,0.841,1.1058,0.8117
2024-02-27,0.8434,1.1129,0.8258
2024-02-28,0.8363,1.1056,0.8072
2024-02-29,0.849,1.1205,0.8135
2024-03-01,0.8468,1.1248,0.8263
2024-03-04,0.84,1.1207,0.8223
2024-03-05,0.8518,1.1316,0.7953
2024-03-06,0.8416,1.123,0.8147
2024-03-07,0.84,1.1266,0.8
2024-03-08,0.8352,1.124,0.8026
2024-03-11,0.8509,1.135,0.8271
2024-03-12,0.8759,1.1495,0.8634
2024-03-13,0.8664,1.1407,0.8646
2024-03-14,0.8632,1.1384,0.8621
2024-03-15,0.867,1.1373,0.8493
2024-03-18,0.8697,1.1312,0.8568
2024-03-19,0.8806,1.1359,0.844
2024-03-20,0.8791,1.1332,0.8451
2024-03-21,0.8854,1.1306,0.8617
2024-03-22,0.8687,1.1237,0.8379
2024-03-25,0.8618,1.1213,0.8419
2024-03-26,0.8718,1.1272,0.8538
2024-03-27,0.861,1.1223,0.8411
2024-03-28,0.8588,1.128,0.8567
2024-03-29,0.8638,1.132,0.8564
2024-04-01,0.8824,1.1563,0.8562
2024-04-02,0.8762,1.1511,0.8804
2024-04-03,0.8793,1.1571,0.8643
2024-04-08,0.8564,1.1325,0.8633
2024-04-09,0.8543,1.1253,0.8718
2024-04-10,0.8441,1.1168,0.8887
2024-04-11,0.8406,1.1147,0.8871
2024-04-12,0.8268,1.1037,0.8747
2024-04-15,0.8476,1.1291,0.8646
2024-04-16,0.8406,1.1294,0.8427
2024-04-17,0.8445,1.1339,0.84
2024-04-18,0.8501,1.1449,0.8482
2024-04-19,0.8424,1.1379,0.8316
2024-04-22,0.8583,1.1487,0.8506
2024-04-23,0.8637,1.1471,0.8769
2024-04-24,0.8634,1.145,0.9004
2024-04-25,0.8617,1.1455,0.8939
2024-04-26,0.8734,1.1568,0.9221
2024-04-29,0.8778,1.1673,0.9174
2024-04-30,0.8789,1.1797,0.9163
2024-05-06,0.897,1.2063,0.9705
2024-05-07,0.8995,1.2048,0.9573
2024-05-08,0.8996,1.2013,0.946
2024-05-09,0.9032,1.2099,0.9639
2024-05-10,0.9013,1.2105,0.9676
2024-05-13,0.8939,1.2123,0.9792
2024-05-14,0.8946,1.2039,0.9814
2024-05-15,0.8871,1.2026,0.9813
2024-05-16,0.8901,1.202,0.9908
2024-05-17,0.902,1.2073,0.9917
2024-05-20,0.9109,1.2075,0.9987
2024-05-21,0.9108,1.2078,0.9656
2024-05-22,0.9039,1.1969,0.9657
2024-05-23,0.8925,1.1893,0.9515
2024-05-24,0.8839,1.1826,0.9304
2024-05-27,0.8873,1.1919,0.941
2024-05-28,0.8777,1.1807,0.9413
2024-05-29,0.8775,1.1779,0.9204
2024-05-30,0.8666,1.1648,0.9084
2024-05-31,0.8634,1.158,0.8947
2024-06-03,0.8663,1.1653,0.9176
2024-06-04,0.8737,1.1727,0.9265
2024-06-05,0.8652,1.161,0.9271
2024-06-06,0.8587,1.1645,0.9278
2024-06-07,0.8515,1.1541,0.9151
2024-06-11,0.8373,1.1397,0.9133
2024-06-12,0.8374,1.1407,0.897
2024-06-13,0.8228,1.1242,0.916
2024-06-14,0.8288,1.1354,0.9084
2024-06-17,0.8243,1.1244,0.9112
2024-06-18,0.8142,1.117,0.9049
2024-06-19,0.8094,1.1068,0.9328
2024-06-20,0.8011,1.0991,0.9198
2024-06-21,0.7944,1.0901,0.9033
2024-06-24,0.7934,1.0934,0.9018
2024-06-25,0.7929,1.0955,0.9044
2024-06-26,0.7944,1.0918,0.9048
2024-06-27,0.7884,1.0813,0.8804
2024-06-28,0.7802,1.0734,0.8719
2024-06-30,0.7802,1.0733,0.8719
2024-07-01,0.7828,1.0698,0.8718
2024-07-02,0.7848,1.0631,0.8644
2024-07-03,0.7806,1.0623,0.8815
2024-07-04,0.7724,1.0561,0.8863
2024-07-05,0.7684,1.0495,0.8776
2024-07-08,0.7575,1.0375,0.8663
2024-07-09,0.7569,1.0398,0.8674
2024-07-10,0.759,1.0363,0.8661
2024-07-11,0.7742,1.054,0.8836
2024-07-12,0.7743,1.0623,0.9099
2024-07-15,0.7793,1.0548,0.8902
2024-07-16,0.7797,1.0501,0.8777
2024-07-17,0.7942,1.0592,0.8858
2024-07-18,0.7971,1.0676,0.8856
2024-07-19,0.8067,1.0732,0.8704
2024-07-22,0.7935,1.0599,0.8867
2024-07-23,0.7658,1.0271,0.8697
2024-07-24,0.7566,1.0065,0.85
2024-07-25,0.7568,1.0052,0.8319
2024-07-26,0.7571,1.028,0.8354
2024-07-29,0.7442,1.0151,0.8403
2024-07-30,0.7436,1.001,0.8242
2024-07-31,0.767,1.0393,0.8486
2024-08-01,0.7515,1.0224,0.844
2024-08-02,0.7524,1.0174,0.8226
2024-08-05,0.7581,1.0174,0.8232
2024-08-06,0.7611,1.0148,0.8191
2024-08-07,0.7598,1.0185,0.8288
2024-08-08,0.7709,1.0275,0.828
2024-08-09,0.7653,1.0212,0.8382
2024-08-12,0.7663,1.0247,0.8325
2024-08-13,0.7609,1.0186,0.8343
2024-08-14,0.7505,1.0082,0.8288
2024-08-15,0.7537,1.0133,0.8258
2024-08-16,0.7479,1.0142,0.8436
2024-08-19,0.7419,1.0124,0.8491
2024-08-20,0.7315,1.0076,0.8459
2024-08-21,0.724,1.0053,0.8416
2024-08-22,0.7152,1.0042,0.8561
2024-08-23,0.7162,1.0156,0.8519
2024-08-26,0.7116,1.0144,0.8588
2024-08-27,0.7048,1.0064,0.8606
2024-08-28,0.6953,0.9929,0.8429
2024-08-29,0.7053,0.9973,0.8624
2024-08-30,0.7219,1.0185,0.8818
2024-09-02,0.7019,0.9986,0.8659
2024-09-03,0.7102,1.0125,0.8729
2024-09-04,0.7024,1.0066,0.8676
2024-09-05,0.7068,1.006,0.8675
2024-09-06,0.6981,0.993,0.8668
2024-09-09,0.6913,0.9742,0.8592
2024-09-10,0.6905,0.9726,0.8603
2024-09-11,0.6904,0.9799,0.8612
2024-09-12,0.6768,0.9675,0.8642
2024-09-13,0.6664,0.9631,0.8659
2024-09-18,0.6579,0.9682,0.8818
2024-09-19,0.6725,0.9791,0.9092
2024-09-20,0.6701,0.9808,0.919
2024-09-23,0.6693,0.9865,0.9116
2024-09-24,0.7094,1.0256,0.9501
2024-09-25,0.7145,1.0409,0.9477
2024-09-26,0.7699,1.1116,1.018
2024-09-27,0.8269,1.1621,1.0665
2024-09-30,0.8995,1.2508,1.1068
2024-10-08,0.9206,1.2981,1.1079
2024-10-09,0.8409,1.1949,1.101
2024-10-10,0.8583,1.2245,1.1395
2024-10-11,0.8356,1.1954,1.1398
2024-10-14,0.843,1.2113,1.1099
2024-10-15,0.8151,1.1731,1.0608
2024-10-16,0.8047,1.1549,1.0585
2024-10-17,0.7888,1.1312,1.0454
2024-10-18,0.812,1.1632,1.1023
2024-10-21,0.8156,1.1615,1.0791
2024-10-22,0.8278,1.182,1.094
2024-10-23,0.8366,1.1879,1.1242
2024-10-24,0.8232,1.1732,1.1021
2024-10-25,0.8298,1.1768,1.1081
2024-10-28,0.8457,1.1865,1.1148
2024-10-29,0.8296,1.1703,1.1212
2024-10-30,0.8235,1.1548,1.1052
2024-10-31,0.8227,1.144,1.0923
2024-11-01,0.8293,1.1513,1.1027
2024-11-04,0.8402,1.1634,1.1154
2024-11-05,0.8559,1.1804,1.1457
2024-11-06,0.8535,1.1657,1.1193
2024-11-07,0.9024,1.2141,1.1598
2024-11-08,0.8852,1.2037,1.1487
2024-11-11,0.8784,1.1916,1.1406
2024-11-12,0.8718,1.1894,1.1048
2024-11-13,0.8713,1.1948,1.1054
2024-11-14,0.8585,1.1841,1.0764
2024-11-15,0.8491,1.169,1.0768
2024-11-18,0.8395,1.156,1.0802
2024-11-19,0.8388,1.1563,1.0896
2024-11-20,0.8418,1.1588,1.095
2024-11-21,0.8421,1.1557,1.0836
2024-11-22,0.8143,1.1277,1.0635
2024-11-25,0.8111,1.1235,1.058
2024-11-26,0.8163,1.1297,1.0532
2024-11-27,0.8257,1.1461,1.0913
2024-11-28,0.8171,1.1335,1.0718
2024-11-29,0.8281,1.1468,1.0746
2024-12-02,0.8356,1.1557,1.0878
2024-12-03,0.8368,1.1566,1.0948
2024-12-04,0.8293,1.1569,1.089
2024-12-05,0.8254,1.1512,1.0767
2024-12-06,0.8319,1.1635,1.0967
2024-12-09,0.8269,1.1614,1.1345
2024-12-10,0.842,1.1818,1.128
2024-12-11,0.8511,1.1926,1.1144
2024-12-12,0.8686,1.2102,1.1369
2024-12-13,0.8462,1.1803,1.1082
2024-12-16,0.8349,1.1715,1.092
2024-12-17,0.8359,1.1762,1.0854
2024-12-18,0.8346,1.1785,1.0989
2024-12-19,0.8263,1.1719,1.0942
2024-12-20,0.825,1.1672,1.0948
2024-12-23,0.8207,1.1686,1.0898
2024-12-24,0.8287,1.1842,1.1021
2024-12-25,0.8247,1.177,1.1023
2024-12-26,0.8223,1.1776,1.1028
2024-12-27,0.8265,1.1768,1.1028
2024-12-30,0.8215,1.175,1.0952
2024-12-31,0.817,1.1702,1.0951
2025-01-02,0.8001,1.1573,1.0781
2025-01-03,0.7918,1.1426,1.0904
2025-01-06,0.7815,1.1348,1.0793
2025-01-07,0.7823,1.1382,1.06
2025-01-08,0.7803,1.1472,1.0433
2025-01-09,0.7781,1.1507,1.0458
2025-01-10,0.7681,1.133,1.0299
2025-01-13,0.7715,1.1218,1.0144
2025-01-14,0.7862,1.1422,1.0429
2025-01-15,0.7798,1.1364,1.041
2025-01-16,0.7755,1.1338,1.0548
2025-01-17,0.7824,1.1386,1.059
2025-01-20,0.7843,1.143,1.086
2025-01-21,0.7797,1.1411,1.0986
2025-01-22,0.7687,1.1233,1.0742
2025-01-23,0.7712,1.126,1.0629
2025-01-24,0.7719,1.128,1.0844
2025-01-27,0.7732,1.1314,1.0962
2025-02-05,0.7597,1.1082,1.1389
2025-02-06,0.7634,1.1165,1.1587
2025-02-07,0.7702,1.1284,1.187
2025-02-10,0.7687,1.1251,1.214
2025-02-11,0.7627,1.1209,1.1901
2025-02-12,0.77,1.1275,1.2244
2025-02-13,0.7873,1.1374,1.2231
2025-02-14,0.7867,1.1408,1.2914
2025-02-17,0.7874,1.1385,1.2906
2025-02-18,0.7795,1.1272,1.3271
2025-02-19,0.7859,1.1318,1.3228
2025-02-20,0.7838,1.1284,1.2918
2025-02-21,0.7854,1.1303,1.3649
2025-02-24,0.7904,1.1312,1.3566
2025-02-25,0.7774,1.1123,1.3382
2025-02-26,0.7842,1.1229,1.3977
2025-02-27,0.7979,1.144,1.3906
2025-02-28,0.7968,1.1391,1.3286
2025-03-03,0.7941,1.1264,1.334
2025-03-04,0.7911,1.1294,1.322
2025-03-05,0.7884,1.1294,1.3666
2025-03-06,0.7987,1.1426,1.4281
2025-03-07,0.8055,1.1464,1.428
2025-03-10,0.8039,1.1451,1.3895
2025-03-11,0.8214,1.1572,1.4036
2025-03-12,0.8128,1.1452,1.3879
2025-03-13,0.8127,1.1439,1.3742
2025-03-14,0.8444,1.1921,1.4152
2025-03-17,0.8448,1.1913,1.424
2025-03-18,0.8381,1.195,1.4711
2025-03-19,0.8344,1.1975,1.4655
2025-03-20,0.8234,1.1798,1.425
2025-03-21,0.8144,1.1699,1.3853
2025-03-24,0.8164,1.1785,1.403
2025-03-25,0.8175,1.179,1.3533
2025-03-26,0.8199,1.1767,1.3694
2025-03-27,0.8269,1.1855,1.3735
2025-03-28,0.821,1.1795,1.3645
2025-03-31,0.8133,1.1757,1.3346
2025-04-01,0.8178,1.1689,1.3367
2025-04-02,0.8159,1.1694,1.3339
2025-04-03,0.8258,1.1657,1.3119
2025-04-07,0.7976,1.0994,1.1127
2025-04-08,0.8294,1.1345,1.1459
2025-04-09,0.8429,1.1505,1.1741
2025-04-10,0.8438,1.1644,1.1962
2025-04-11,0.8324,1.1586,1.2069
2025-04-14,0.8293,1.1517,1.2324
2025-04-15,0.8312,1.1597,1.2358
2025-04-16,0.8352,1.1632,1.1913
2025-04-17,0.8395,1.1652,1.21
2025-04-18,0.8311,1.1577,1.2092
2025-04-21,0.8265,1.1574,1.2094
2025-04-22,0.8283,1.1606,1.2213
2025-04-23,0.8227,1.1581,1.269
2025-04-24,0.8233,1.1607,1.2563
2025-04-25,0.819,1.1583,1.2611
2025-04-28,0.8183,1.1606,1.2592
2025-04-29,0.8158,1.1609,1.2585
2025-04-30,0.8183,1.162,1.2731
2025-05-06,0.8191,1.1647,1.3203
2025-05-07,0.821,1.1679,1.3068
2025-05-08,0.8225,1.1749,1.3185
2025-05-09,0.8231,1.1793,1.3241
2025-05-12,0.8238,1.1886,1.3691
2025-05-13,0.8232,1.1879,1.3269
2025-05-14,0.8342,1.1987,1.3607
2025-05-15,0.8316,1.1961,1.3501
2025-05-16,0.8232,1.1873,1.3361
2025-05-19,0.8187,1.1836,1.3318
2025-05-20,0.8247,1.1973,1.3541
2025-05-21,0.8251,1.1972,1.3652
2025-05-22,0.8236,1.198,1.3459
2025-05-23,0.8187,1.191,1.3477
2025-05-26,0.8164,1.1821,1.3091
2025-05-27,0.8162,1.1793,1.3182
2025-05-28,0.8201,1.1875,1.3102
2025-05-29,0.8197,1.1855,1.3336
2025-05-30,0.819,1.1798,1.3025
2025-06-03,0.8233,1.1684,1.3166
2025-06-04,0.8256,1.1717,1.3327
2025-06-05,0.8196,1.1674,1.3488
2025-06-06,0.8205,1.1655,1.338
2025-06-09,0.8227,1.1614,1.3592
2025-06-10,0.8171,1.1554,1.3535
2025-06-11,0.8235,1.1588,1.3665
2025-06-12,0.814,1.1511,1.3327
2025-06-13,0.7992,1.1338,1.315
2025-06-16,0.7954,1.1283,1.3282
2025-06-17,0.7939,1.1297,1.3247
2025-06-18,0.7946,1.1293,1.307
2025-06-19,0.7887,1.1217,1.2741
2025-06-20,0.7946,1.1287,1.2858
2025-06-23,0.7873,1.1183,1.2958
2025-06-24,0.7939,1.1317,1.3208
2025-06-25,0.797,1.1392,1.3298
2025-06-26,0.7963,1.1391,1.3202
2025-06-27,0.7919,1.1323,1.3246
2025-06-30,0.7941,1.1341,1.3158
2025-07-01,0.7949,1.1345,1.3148
2025-07-02,0.7951,1.1395,1.3166
2025-07-03,0.7976,1.1449,1.3009
2025-07-04,0.799,1.1474,1.2901
2025-07-07,0.7945,1.1391,1.2939
2025-07-08,0.7975,1.1416,1.3142
2025-07-09,0.8028,1.144,1.2925
2025-07-10,0.803,1.1434,1.2898
2025-07-11,0.8065,1.15,1.2935
2025-07-14,0.8081,1.1545,1.3018
2025-07-15,0.8001,1.1512,1.3379
2025-07-16,0.803,1.1515,1.3323
2025-07-17,0.8075,1.1565,1.3324
2025-07-18,0.8158,1.1636,1.3509
2025-07-21,0.8198,1.167,1.3643
2025-07-22,0.8365,1.1846,1.3718
2025-07-23,0.8344,1.1873,1.3967
2025-07-24,0.8358,1.1917,1.3992
2025-07-25,0.827,1.1773,1.3761
2025-07-28,0.8219,1.1689,1.3762
2025-07-29,0.8174,1.162,1.3776
2025-07-30,0.8241,1.1709,1.3501
2025-07-31,0.806,1.1462,1.326
2025-08-01,0.8058,1.1467,1.3182
2025-08-04,0.8076,1.1517,1.3324
2025-08-05,0.8155,1.1621,1.3377
2025-08-06,0.8162,1.1646,1.3414
2025-08-07,0.8162,1.1632,1.3428
2025-08-08,0.8146,1.1618,1.3309
2025-08-11,0.8223,1.1695,1.3316
2025-08-12,0.821,1.1705,1.3272
2025-08-13,0.8218,1.169,1.3703
2025-08-14,0.819,1.1653,1.3676
2025-08-15,0.821,1.1686,1.3575
2025-08-18,0.8252,1.1746,1.3611
2025-08-19,0.8319,1.1808,1.365
2025-08-20,0.8424,1.1883,1.3732
2025-08-21,0.847,1.1931,1.3574
2025-08-22,0.8511,1.1992,1.3806
2025-08-25,0.8724,1.2232,1.4132
2025-08-26,0.8827,1.2319,1.4067
2025-08-27,0.8612,1.2073,1.3863
2025-08-28,0.8571,1.2076,1.3458
2025-08-29,0.8746,1.2216,1.3501
2025-09-01,0.8736,1.2156,1.3874
2025-09-02,0.871,1.2202,1.3834
2025-09-03,0.8585,1.2059,1.3718
2025-09-04,0.8566,1.2001,1.3521
2025-09-05,0.8639,1.2133,1.3709
2025-09-08,0.8801,1.232,1.3849
2025-09-09,0.8805,1.2339,1.4054
2025-09-10,0.8778,1.2312,1.4081
2025-09-11,0.8898,1.243,1.397
2025-09-12,0.8812,1.2295,1.4184
2025-09-15,0.8839,1.2323,1.4316
2025-09-16,0.8769,1.2289,1.4372
2025-09-17,0.8718,1.2334,1.4748
2025-09-18,0.8579,1.2195,1.4547
2025-09-19,0.8589,1.22,1.4626
2025-09-22,0.8487,1.2048,1.4505
2025-09-23,0.8443,1.2014,1.4341
2025-09-24,0.8466,1.2042,1.4615
2025-09-25,0.8392,1.1938,1.4541
2025-09-26,0.8383,1.1956,1.4386
2025-09-29,0.8464,1.2039,1.4625
2025-09-30,0.845,1.2024,1.4773
2025-10-09,0.8436,1.2016,1.4617
2025-10-10,0.8462,1.1989,1.4346
2025-10-13,0.8377,1.1838,1.4175
2025-10-14,0.847,1.1908,1.3837
2025-10-15,0.8502,1.2002,1.4172
2025-10-16,0.8536,1.2014,1.4187
2025-10-17,0.8437,1.1883,1.3858
2025-10-20,0.8367,1.188,1.4165
2025-10-21,0.8379,1.1911,1.4162
2025-10-22,0.8322,1.1902,1.407
2025-10-23,0.8343,1.1958,1.4079
2025-10-24,0.8262,1.1914,1.4166
2025-10-27,0.829,1.1945,1.4335
2025-10-28,0.8259,1.1943,1.4081
2025-10-29,0.8256,1.194,1.4076
2025-10-30,0.8233,1.191,1.4043
2025-10-31,0.8299,1.1961,1.3778
2025-11-03,0.8332,1.1942,1.3779
2025-11-04,0.821,1.1813,1.3617
2025-11-05,0.8198,1.1828,1.3609
2025-11-06,0.8206,1.1918,1.3855
2025-11-07,0.8212,1.1896,1.3636
2025-11-10,0.8487,1.2179,1.4037
2025-11-11,0.8479,1.2157,1.4037
2025-11-12,0.8485,1.222,1.4111
2025-11-13,0.8528,1.2261,1.4239
2025-11-14,0.8428,1.2131,1.3948
2025-11-17,0.8386,1.2057,1.3898
2025-11-18,0.8386,1.2046,1.3702
2025-11-19,0.836,1.2025,1.3681
2025-11-20,0.8316,1.2004,1.3648
2025-11-21,0.8251,1.1974,1.3346
2025-11-24,0.8242,1.1941,1.3604
2025-11-25,0.8257,1.1968,1.3658
2025-11-26,0.8251,1.2016,1.3667
2025-11-27,0.825,1.2003,1.3662
2025-11-28,0.8298,1.2046,1.3661
2025-12-01,0.8279,1.2085,1.374
2025-12-02,0.8212,1.2051,1.3812
2025-12-03,0.8148,1.2017,1.3652
2025-12-04,0.8068,1.1978,1.3643
2025-12-05,0.8085,1.1993,1.3632
2025-12-08,0.8021,1.1929,1.3399
2025-12-09,0.7925,1.1765,1.3208
2025-12-10,0.7955,1.181,1.3293
2025-12-11,0.7915,1.1741,1.324
2025-12-12,0.7964,1.1802,1.3448
2025-12-15,0.801,1.1864,1.3352
2025-12-16,0.7995,1.1861,1.3231
2025-12-17,0.8039,1.1964,1.3399
2025-12-18,0.8016,1.1912,1.335
2025-12-19,0.8081,1.2001,1.3408
2025-12-22,0.8084,1.2011,1.3534
2025-12-23,0.8031,1.1964,1.3508
2025-12-24,0.7981,1.1885,1.3461
2025-12-25,0.8038,1.1931,1.3447
2025-12-26,0.8008,1.1938,1.3441
2025-12-29,0.7973,1.1889,1.3219
2025-12-30,0.7974,1.1878,1.3103
2025-12-31,0.7922,1.1815,1.2988
2026-01-05,0.8015,1.1946,1.3133
2026-01-06,0.8085,1.2011,1.327
2026-01-07,0.8028,1.1961,1.3326
2026-01-08,0.7977,1.1896,1.3239
2026-01-09,0.8007,1.1957,1.3231
2026-01-12,0.8049,1.1979,1.3319
2026-01-13,0.7969,1.1815,1.3197
2026-01-14,0.7932,1.1778,1.3309
2026-01-15,0.7902,1.1742,1.3302
2026-01-16,0.781,1.165,1.3231
2026-01-19,0.7816,1.1688,1.3227
2026-01-20,0.7842,1.1759,1.3436
2026-01-21,0.7739,1.1607,1.3421
2026-01-22,0.7719,1.1574,1.3547
2026-01-23,0.7719,1.1539,1.3608
2026-01-26,0.7697,1.1504,1.3516
2026-01-27,0.7575,1.1391,1.3559
2026-01-28,0.7571,1.1304,1.3711
2026-01-29,0.7967,1.1781,1.3909
2026-01-30,0.7777,1.1558,1.3572
2026-02-02,0.7762,1.1573,1.3481
2026-02-03,0.7833,1.1696,1.364
2026-02-04,0.7997,1.1946,1.3759
2026-02-05,0.8063,1.208,1.415
2026-02-06,0.797,1.193,1.4101
2026-02-09,0.7985,1.1972,1.4347
2026-02-10,0.7891,1.1917,1.4492
2026-02-11,0.79,1.1904,1.4406
2026-02-12,0.7796,1.1782,1.4244
2026-02-13,0.7773,1.1734,1.417
2026-02-24,0.7718,1.1655,1.4117
2026-02-25,0.7762,1.1696,1.4107
2026-02-26,0.7701,1.1567,1.3836
2026-02-27,0.7743,1.157,1.3909
2026-03-02,0.7677,1.1435,1.3629
2026-03-03,0.7655,1.1357,1.3202
2026-03-04,0.7577,1.1245,1.3062
2026-03-05,0.7552,1.1234,1.2932
2026-03-06,0.7741,1.1413,1.3236
2026-03-09,0.7725,1.1332,1.3069
2026-03-10,0.7716,1.1392,1.3109
2026-03-11,0.7758,1.1453,1.307
2026-03-12,0.7792,1.1471,1.297
2026-03-13,0.7814,1.1508,1.2807
2026-03-16,0.7899,1.1626,1.2974
2026-03-17,0.7888,1.1666,1.3097
2026-03-18,0.7813,1.1607,1.3081
2026-03-19,0.771,1.1451,1.2781
2026-03-20,0.767,1.139,1.2703
2026-03-23,0.7371,1.1003,1.2298
2026-03-24,0.7408,1.1064,1.2739
2026-03-25,0.7464,1.116,1.2481
2026-03-26,0.7391,1.1064,1.212
2026-03-27,0.7522,1.1173,1.2203
2026-03-30,0.7527,1.1095,1.2039
2026-03-31,0.7444,1.1141,1.2043
2026-04-01,0.751,1.1232,1.2206
2026-04-02,0.757,1.1264,1.2192
2026-04-03,0.7467,1.1131,1.2201
2026-04-07,0.7457,1.1073,1.2189
2026-04-08,0.7564,1.124,1.2404
2026-04-09,0.7462,1.1107,1.2386
2026-04-10,0.7439,1.1085,1.2428
2026-04-13,0.7438,1.1031,1.2249
2026-04-14,0.751,1.1107,1.2337
2026-04-15,0.7522,1.1176,1.2319
2026-04-16,0.7527,1.1188,1.2418
2026-04-17,0.7416,1.1051,1.2258
2026-04-20,0.7415,1.1095,1.2425
2026-04-21,0.7423,1.1094,1.2531
2026-04-22,0.7373,1.1026,1.2342
2026-04-23,0.7375,1.1026,1.2184
2026-04-24,0.7378,1.1044,1.2195
2026-04-27,0.7301,1.0955,1.2145
2026-04-28,0.7328,1.1024,1.2038
2026-04-29,0.7462,1.1199,1.2217
2026-04-30,0.7464,1.1162,1.2076
2026-05-06,0.7419,1.1058,1.2
2026-05-07,0.7389,1.1023,1.2156
2026-05-08,0.7339,1.1006,1.214
2026-05-11,0.7354,1.1028,1.2125
2026-05-12,0.7246,1.0909,1.206
2026-05-13,0.7195,1.0843,1.201
2026-05-14,0.72,1.0859,1.1931
2026-05-15,0.7093,1.0803,1.1814
2026-05-18,0.7005,1.0688,1.1631
2026-05-19,0.6996,1.0645,1.1611
2026-05-20,0.698,1.0617,1.1606
2026-05-21,0.6903,1.0543,1.1524
2026-05-22,0.6812,1.041,1.1439
2026-05-25,0.6817,1.0384,1.1432
2026-05-26,0.6804,1.0366,1.1382
2026-05-27,0.6824,1.0387,1.1275
2026-05-28,0.6703,1.0202,1.1237
2026-05-29,0.6871,1.0491,1.1464
2026-06-01,0.6898,1.0521,1.1724
2026-06-02,0.679,1.0456,1.1729
2026-06-03,0.67,1.0348,1.1587
2026-06-04,0.6584,1.0206,1.148
2026-06-05,0.6576,1.0207,1.1389
2026-06-08,0.6477,1.0154,1.1318
2026-06-09,0.6445,1.0103,1.1278
2026-06-10,0.6506,1.0201,1.1366
2026-06-11,0.6503,1.0235,1.1372
2026-06-12,0.6566,1.0266,1.1594
2026-06-15,0.6533,1.0153,1.1533
2026-06-16,0.6418,0.9979,1.1344
2026-06-17,0.6359,0.9893,1.1123
2026-06-18,0.6215,0.9697,1.0891
2026-06-22,0.6268,0.9803,1.0715
2026-06-23,0.6171,0.9705,1.0585
2026-06-24,0.6083,0.9574,1.0548
2026-06-25,0.6097,0.9594,1.053
2026-06-26,0.6038,0.955,1.0487
2026-06-29,0.6209,0.9808,1.067
2026-06-30,0.6151,0.9694,1.0403
2026-07-01,0.6289,0.9874,1.0394
2026-07-02,0.627,0.9903,1.0607
2026-07-03,0.6272,0.994,1.0836
2026-07-06,0.6396,1.0119,1.092
2026-07-07,0.6301,0.9983,1.073
2026-07-08,0.6254,0.9971,1.0841
2026-07-09,0.6192,0.9864,1.0653
2026-07-10,0.6314,0.9977,1.072
2026-07-13,0.6306,1.0016,1.0788
2026-07-14,0.6329,1.0067,1.088
2026-07-15,0.6561,1.0389,1.0964
2026-07-16,0.6638,1.0478,1.1172
2026-07-17,0.6531,1.0388,1.1113
2026-07-20,0.6756,1.0707,1.1286
2026-07-21,0.6685,1.0641,1.1256
2026-07-22,0.6735,1.0693,1.1171
2026-07-23,0.6703,1.0644,1.1209
2026-07-24,0.6582,1.0529,1.1076
2026-07-27,0.6619,1.0598,1.1207
2026-07-28,0.672,1.0792,1.1303
2026-07-29,0.681,1.0981,1.1617
2026-07-30,0.6975,1.122,1.1672
2026-07-31,0.6937,1.1117,1.1574
2026-08-03,0.6914,1.1013,1.1484
2026-08-04,0.6787,1.0812,1.1352
2026-08-05,0.6736,1.0753,1.1371
2026-08-06,0.6702,1.0709,1.1304
2026-08-07,0.672,1.0656,1.124
2026-08-10,0.6886,1.0893,1.1421
2026-08-11,0.6808,1.0838,1.1305
2026-08-12,0.6825,1.0788,1.1188
